step,type,amount,nameOrig,oldbalanceOrg,newbalanceOrig,nameDest,oldbalanceDest,newbalanceDest
88,TRANSFER,9345700.07,C1453976647,9345700.07,0.0,C1454683123,0.0,0.0
88,CASH_OUT,9345700.07,C399518124,9345700.07,0.0,C2125071302,8922060.43,1.82677605E7
88,TRANSFER,337994.64,C425422557,337994.64,0.0,C1375508405,0.0,0.0
88,CASH_OUT,337994.64,C889382301,337994.64,0.0,C3107126,0.0,337994.64
88,TRANSFER,4022408.76,C743505070,4022408.76,0.0,C1234529860,0.0,0.0
88,CASH_OUT,4022408.76,C987446721,4022408.76,0.0,C1981613973,4542879.5,8565288.26
88,TRANSFER,3607917.73,C2016707009,3607917.73,0.0,C1883647961,0.0,0.0
88,CASH_OUT,3607917.73,C1513663831,3607917.73,0.0,C1935735129,8391754.13,1.199967185E7
